subject,class_idx,class_name,epoch,critic_loss,generator_loss
4,0,Left Hand,1,-3.7861108779907227,1.4146556854248047
4,0,Left Hand,2,-38.6721715927124,2.6757999658584595
4,0,Left Hand,3,-101.60984802246094,-4.848364531993866
4,0,Left Hand,4,-170.6303253173828,-28.661941528320312
4,0,Left Hand,5,-226.24527740478516,-64.50142860412598
4,0,Left Hand,6,-265.16153717041016,-103.27649688720703
4,0,Left Hand,7,-290.32664489746094,-138.54525756835938
4,0,Left Hand,8,-302.88230895996094,-166.17716217041016
4,0,Left Hand,9,-308.4005584716797,-188.30847930908203
4,0,Left Hand,10,-308.00099182128906,-205.04235076904297
4,0,Left Hand,11,-303.9017791748047,-218.34575653076172
4,0,Left Hand,12,-297.64544677734375,-227.95852661132812
4,0,Left Hand,13,-290.19444274902344,-235.17941284179688
4,0,Left Hand,14,-282.9666290283203,-241.71292114257812
4,0,Left Hand,15,-275.78330993652344,-246.79163360595703
4,0,Left Hand,16,-268.309814453125,-249.05171966552734
4,0,Left Hand,17,-260.6394348144531,-250.26306915283203
4,0,Left Hand,18,-253.33541107177734,-250.60802459716797
4,0,Left Hand,19,-245.86090850830078,-249.05696868896484
4,0,Left Hand,20,-238.54708099365234,-246.30399322509766
4,0,Left Hand,21,-231.62506866455078,-244.26497650146484
4,0,Left Hand,22,-225.36380004882812,-243.3907928466797
4,0,Left Hand,23,-219.399658203125,-241.05277252197266
4,0,Left Hand,24,-213.39739227294922,-238.2104949951172
4,0,Left Hand,25,-207.73004913330078,-235.25858306884766
4,0,Left Hand,26,-202.3251190185547,-232.35719299316406
4,0,Left Hand,27,-197.2564697265625,-229.41751861572266
4,0,Left Hand,28,-192.4477996826172,-225.98281860351562
4,0,Left Hand,29,-187.8410873413086,-222.9282455444336
4,0,Left Hand,30,-183.38851165771484,-219.36060333251953
4,0,Left Hand,31,-179.03949737548828,-216.30038452148438
4,0,Left Hand,32,-174.84471130371094,-212.88790893554688
4,0,Left Hand,33,-170.896240234375,-210.1768798828125
4,0,Left Hand,34,-167.18585968017578,-206.7235336303711
4,0,Left Hand,35,-163.64471435546875,-202.93186950683594
4,0,Left Hand,36,-160.26202392578125,-199.7901153564453
4,0,Left Hand,37,-157.07904052734375,-196.57054138183594
4,0,Left Hand,38,-154.0752944946289,-193.3876190185547
4,0,Left Hand,39,-151.1731185913086,-189.59223175048828
4,0,Left Hand,40,-148.46001434326172,-185.61454010009766
4,0,Left Hand,41,-146.0162353515625,-181.22245025634766
4,0,Left Hand,42,-143.7690887451172,-177.04600524902344
4,0,Left Hand,43,-141.59046173095703,-171.8277816772461
4,0,Left Hand,44,-139.4935760498047,-168.0590057373047
4,0,Left Hand,45,-137.26849365234375,-164.71732330322266
4,0,Left Hand,46,-135.04985809326172,-161.94696807861328
4,0,Left Hand,47,-133.0991973876953,-159.05219268798828
4,0,Left Hand,48,-131.50716400146484,-156.24909210205078
4,0,Left Hand,49,-129.9897918701172,-152.38166046142578
4,0,Left Hand,50,-128.4176483154297,-149.1269989013672
4,0,Left Hand,51,-126.93165588378906,-144.86975860595703
4,0,Left Hand,52,-125.52164840698242,-140.8458709716797
4,0,Left Hand,53,-124.10453033447266,-136.4479751586914
4,0,Left Hand,54,-122.68431854248047,-132.89119720458984
4,0,Left Hand,55,-121.3725814819336,-130.12955474853516
4,0,Left Hand,56,-120.27874755859375,-127.69989776611328
4,0,Left Hand,57,-119.45476531982422,-124.2479476928711
4,0,Left Hand,58,-118.6991081237793,-121.10050964355469
4,0,Left Hand,59,-117.81211853027344,-117.4272689819336
4,0,Left Hand,60,-116.82837295532227,-113.84933853149414
4,0,Left Hand,61,-115.84148406982422,-110.66858673095703
4,0,Left Hand,62,-114.90022659301758,-106.54559326171875
4,0,Left Hand,63,-114.0529670715332,-103.04711532592773
4,0,Left Hand,64,-113.22586441040039,-99.60043716430664
4,0,Left Hand,65,-112.43137741088867,-96.806640625
4,0,Left Hand,66,-111.56650161743164,-93.79584503173828
4,0,Left Hand,67,-110.77293014526367,-90.54922103881836
4,0,Left Hand,68,-110.03209686279297,-87.45879745483398
4,0,Left Hand,69,-109.27416610717773,-83.7171859741211
4,0,Left Hand,70,-108.51198196411133,-80.94551849365234
4,0,Left Hand,71,-107.77339172363281,-78.41175842285156
4,0,Left Hand,72,-107.2059555053711,-75.8256607055664
4,0,Left Hand,73,-106.91473388671875,-72.56182098388672
4,0,Left Hand,74,-106.57587051391602,-69.76922988891602
4,0,Left Hand,75,-105.75016021728516,-67.13037490844727
4,0,Left Hand,76,-104.96354675292969,-65.15819549560547
4,0,Left Hand,77,-104.3685417175293,-63.326141357421875
4,0,Left Hand,78,-103.83452606201172,-60.931962966918945
4,0,Left Hand,79,-103.20699310302734,-58.3608283996582
4,0,Left Hand,80,-102.53512954711914,-55.80670738220215
4,0,Left Hand,81,-101.98367309570312,-52.862632751464844
4,0,Left Hand,82,-101.65133285522461,-50.24283790588379
4,0,Left Hand,83,-101.44125366210938,-47.40734100341797
4,0,Left Hand,84,-101.1447982788086,-44.90892791748047
4,0,Left Hand,85,-100.64818572998047,-42.62075233459473
4,0,Left Hand,86,-100.09448623657227,-40.15506553649902
4,0,Left Hand,87,-99.63093185424805,-37.68477821350098
4,0,Left Hand,88,-99.29727172851562,-35.47873878479004
4,0,Left Hand,89,-98.98457717895508,-33.48595428466797
4,0,Left Hand,90,-98.61185073852539,-31.30770206451416
4,0,Left Hand,91,-98.29541397094727,-29.06144142150879
4,0,Left Hand,92,-98.18636322021484,-26.5476713180542
4,0,Left Hand,93,-98.01406860351562,-23.442888259887695
4,0,Left Hand,94,-97.8237190246582,-20.631786346435547
4,0,Left Hand,95,-97.48140335083008,-18.55723762512207
4,0,Left Hand,96,-96.9561538696289,-16.70763874053955
4,0,Left Hand,97,-96.48981475830078,-14.662924766540527
4,0,Left Hand,98,-96.16342163085938,-12.25013780593872
4,0,Left Hand,99,-95.84481048583984,-10.215871334075928
4,0,Left Hand,100,-95.52634811401367,-8.37149977684021
4,0,Left Hand,101,-95.26047134399414,-6.514215707778931
4,0,Left Hand,102,-95.11211776733398,-4.862971305847168
4,0,Left Hand,103,-95.01706314086914,-2.5627687573432922
4,0,Left Hand,104,-94.79668426513672,-0.5836571455001831
4,0,Left Hand,105,-94.56226348876953,1.3849950432777405
4,0,Left Hand,106,-94.4109992980957,3.1868767738342285
4,0,Left Hand,107,-94.19287490844727,5.528601884841919
4,0,Left Hand,108,-93.84710693359375,7.60653281211853
4,0,Left Hand,109,-93.4061279296875,9.398809432983398
4,0,Left Hand,110,-93.0491828918457,11.13453722000122
4,0,Left Hand,111,-92.82588577270508,13.030128955841064
4,0,Left Hand,112,-92.64080047607422,14.904459953308105
4,0,Left Hand,113,-92.44292449951172,16.6895809173584
4,0,Left Hand,114,-92.31563568115234,18.485146522521973
4,0,Left Hand,115,-92.21542358398438,20.529722213745117
4,0,Left Hand,116,-92.12447738647461,22.782435417175293
4,0,Left Hand,117,-92.10347747802734,25.111255645751953
4,0,Left Hand,118,-92.02791976928711,27.21816062927246
4,0,Left Hand,119,-91.76132583618164,29.04060935974121
4,0,Left Hand,120,-91.43521881103516,30.588878631591797
4,0,Left Hand,121,-91.23862838745117,32.418972969055176
4,0,Left Hand,122,-91.04454040527344,34.27605056762695
4,0,Left Hand,123,-90.83931732177734,35.84407424926758
4,0,Left Hand,124,-90.67261123657227,37.66227912902832
4,0,Left Hand,125,-90.56436157226562,39.38353157043457
4,0,Left Hand,126,-90.54769515991211,41.46089744567871
4,0,Left Hand,127,-90.5452651977539,43.43542289733887
4,0,Left Hand,128,-90.55456161499023,44.95391654968262
4,0,Left Hand,129,-90.5461311340332,46.85699462890625
4,0,Left Hand,130,-90.48162841796875,49.367088317871094
4,0,Left Hand,131,-90.23338317871094,51.17286491394043
4,0,Left Hand,132,-89.88502502441406,52.44340896606445
4,0,Left Hand,133,-89.6594009399414,53.36209487915039
4,0,Left Hand,134,-89.58245849609375,54.35138702392578
4,0,Left Hand,135,-89.67074203491211,55.32077217102051
4,0,Left Hand,136,-89.74872207641602,56.605512619018555
4,0,Left Hand,137,-89.61849594116211,58.021902084350586
4,0,Left Hand,138,-89.4715576171875,59.76151466369629
4,0,Left Hand,139,-89.31895065307617,61.64817237854004
4,0,Left Hand,140,-89.14505386352539,63.10756874084473
4,0,Left Hand,141,-89.03722763061523,64.68200302124023
4,0,Left Hand,142,-89.04112243652344,66.17813491821289
4,0,Left Hand,143,-89.00862121582031,67.79666519165039
4,0,Left Hand,144,-88.95703887939453,69.41786575317383
4,0,Left Hand,145,-88.92914962768555,70.9046745300293
4,0,Left Hand,146,-88.82221984863281,72.31796646118164
4,0,Left Hand,147,-88.62215423583984,73.70126342773438
4,0,Left Hand,148,-88.4296989440918,74.87798309326172
4,0,Left Hand,149,-88.29814147949219,76.15434646606445
4,0,Left Hand,150,-88.2315444946289,77.75042724609375
4,0,Left Hand,151,-88.24767303466797,79.40826034545898
4,0,Left Hand,152,-88.22043991088867,80.9333724975586
4,0,Left Hand,153,-88.1851921081543,82.10681915283203
4,0,Left Hand,154,-88.20819473266602,83.45469284057617
4,0,Left Hand,155,-88.25664138793945,84.71242141723633
4,0,Left Hand,156,-88.14845275878906,86.17599487304688
4,0,Left Hand,157,-87.87585067749023,87.28783798217773
4,0,Left Hand,158,-87.58749008178711,88.22311782836914
4,0,Left Hand,159,-87.44330215454102,89.25811004638672
4,0,Left Hand,160,-87.41321563720703,90.17518615722656
4,0,Left Hand,161,-87.37548065185547,91.37830352783203
4,0,Left Hand,162,-87.41376113891602,92.7141342163086
4,0,Left Hand,163,-87.56302642822266,94.19012069702148
4,0,Left Hand,164,-87.66885375976562,95.76494979858398
4,0,Left Hand,165,-87.61181640625,97.25535202026367
4,0,Left Hand,166,-87.42234802246094,98.3365707397461
4,0,Left Hand,167,-87.26509857177734,99.37242889404297
4,0,Left Hand,168,-87.20621871948242,100.08117294311523
4,0,Left Hand,169,-87.22866439819336,101.23428344726562
4,0,Left Hand,170,-87.26607513427734,102.38655090332031
4,0,Left Hand,171,-87.23727416992188,103.85561752319336
4,0,Left Hand,172,-87.15901184082031,105.07365798950195
4,0,Left Hand,173,-87.083740234375,105.99166488647461
4,0,Left Hand,174,-87.08055114746094,107.20190048217773
4,0,Left Hand,175,-87.0414810180664,108.32658767700195
4,0,Left Hand,176,-87.01655960083008,109.23969650268555
4,0,Left Hand,177,-87.04212951660156,110.4747314453125
4,0,Left Hand,178,-87.04721069335938,111.77433776855469
4,0,Left Hand,179,-87.01123809814453,112.8364372253418
4,0,Left Hand,180,-86.94548416137695,113.69976806640625
4,0,Left Hand,181,-86.91064453125,114.4870719909668
4,0,Left Hand,182,-86.95540618896484,115.28728485107422
4,0,Left Hand,183,-86.96878814697266,116.2896499633789
4,0,Left Hand,184,-86.94979095458984,117.29837799072266
4,0,Left Hand,185,-86.88087844848633,118.0913314819336
4,0,Left Hand,186,-86.8464126586914,118.72244262695312
4,0,Left Hand,187,-86.84490966796875,119.49708938598633
4,0,Left Hand,188,-86.83187866210938,120.50686645507812
4,0,Left Hand,189,-86.8514175415039,121.55267715454102
4,0,Left Hand,190,-86.91554641723633,122.92578887939453
4,0,Left Hand,191,-86.97289276123047,124.33673477172852
4,0,Left Hand,192,-86.98859405517578,125.48045349121094
4,0,Left Hand,193,-86.96200561523438,126.43998336791992
4,0,Left Hand,194,-86.89200973510742,127.14715957641602
4,0,Left Hand,195,-86.82802200317383,127.9208755493164
4,0,Left Hand,196,-86.86800003051758,129.0554962158203
4,0,Left Hand,197,-86.86183547973633,130.0742950439453
4,0,Left Hand,198,-86.79776000976562,131.0018310546875
4,0,Left Hand,199,-86.81903076171875,131.9320068359375
4,0,Left Hand,200,-86.72462463378906,132.80292510986328
4,0,Left Hand,201,-86.59610748291016,133.61760711669922
4,0,Left Hand,202,-86.5666618347168,134.4946517944336
4,0,Left Hand,203,-86.56318664550781,135.656005859375
4,0,Left Hand,204,-86.50900268554688,136.76626586914062
4,0,Left Hand,205,-86.41960144042969,137.6210708618164
4,0,Left Hand,206,-86.36398315429688,138.43887329101562
4,0,Left Hand,207,-86.35789489746094,139.14627838134766
4,0,Left Hand,208,-86.31287384033203,139.97909545898438
4,0,Left Hand,209,-86.26488876342773,140.74639892578125
4,0,Left Hand,210,-86.24721145629883,141.67491149902344
4,0,Left Hand,211,-86.17496871948242,142.4432373046875
4,0,Left Hand,212,-86.08083724975586,142.98331451416016
4,0,Left Hand,213,-86.13750839233398,143.82508087158203
4,0,Left Hand,214,-86.2777328491211,144.9304656982422
4,0,Left Hand,215,-86.37569427490234,146.04622650146484
4,0,Left Hand,216,-86.37358856201172,146.82518768310547
4,0,Left Hand,217,-86.40023803710938,147.54774475097656
4,0,Left Hand,218,-86.54939651489258,148.37824249267578
4,0,Left Hand,219,-86.60722732543945,149.33507537841797
4,0,Left Hand,220,-86.4825325012207,149.94120025634766
4,0,Left Hand,221,-86.35670852661133,150.17694091796875
4,0,Left Hand,222,-86.32686996459961,150.86644744873047
4,0,Left Hand,223,-86.35786056518555,151.7056121826172
4,0,Left Hand,224,-86.34077072143555,152.51954650878906
4,0,Left Hand,225,-86.27397918701172,153.3159942626953
4,0,Left Hand,226,-86.25101852416992,154.30005645751953
4,0,Left Hand,227,-86.2403793334961,155.02992248535156
4,0,Left Hand,228,-86.16283798217773,155.5864715576172
4,0,Left Hand,229,-86.16195297241211,156.11418914794922
4,0,Left Hand,230,-86.14567184448242,156.56858825683594
4,0,Left Hand,231,-86.10358810424805,157.4097137451172
4,0,Left Hand,232,-86.0633659362793,158.22403717041016
4,0,Left Hand,233,-86.10751724243164,158.99712371826172
4,0,Left Hand,234,-86.11813354492188,159.6856689453125
4,0,Left Hand,235,-86.0583267211914,160.2934341430664
4,0,Left Hand,236,-86.01998519897461,160.74884033203125
4,0,Left Hand,237,-85.98927688598633,161.1174087524414
4,0,Left Hand,238,-85.8913803100586,161.61113739013672
4,0,Left Hand,239,-85.73691177368164,162.077880859375
4,0,Left Hand,240,-85.67314147949219,162.5049285888672
4,0,Left Hand,241,-85.6427001953125,162.9456787109375
4,0,Left Hand,242,-85.49578857421875,163.41492462158203
4,0,Left Hand,243,-85.34964370727539,163.8013916015625
4,0,Left Hand,244,-85.22611618041992,164.33979034423828
4,0,Left Hand,245,-85.10286331176758,164.81524658203125
4,0,Left Hand,246,-84.95571899414062,165.1049041748047
4,0,Left Hand,247,-84.7911605834961,165.25706481933594
4,0,Left Hand,248,-84.70276641845703,165.6294937133789
4,0,Left Hand,249,-84.6071662902832,165.96188354492188
4,0,Left Hand,250,-84.47172546386719,166.28568267822266
4,0,Left Hand,251,-84.33877182006836,166.57888793945312
4,0,Left Hand,252,-84.20118713378906,166.71080017089844
4,0,Left Hand,253,-84.12042236328125,166.70114135742188
4,0,Left Hand,254,-84.0158576965332,166.8702850341797
4,0,Left Hand,255,-83.91071701049805,167.17172241210938
4,0,Left Hand,256,-83.79611587524414,167.29180145263672
4,0,Left Hand,257,-83.66757583618164,167.22352600097656
4,0,Left Hand,258,-83.56723403930664,167.18315887451172
4,0,Left Hand,259,-83.47314071655273,167.29627990722656
4,0,Left Hand,260,-83.36225891113281,167.27197265625
4,0,Left Hand,261,-83.28023147583008,167.40880584716797
4,0,Left Hand,262,-83.1535530090332,167.67010498046875
4,0,Left Hand,263,-83.0142707824707,167.57119750976562
4,0,Left Hand,264,-82.90749740600586,167.7071533203125
4,0,Left Hand,265,-82.77980422973633,167.97027587890625
4,0,Left Hand,266,-82.66568756103516,167.98380279541016
4,0,Left Hand,267,-82.57565689086914,167.92401885986328
4,0,Left Hand,268,-82.44684600830078,168.14601135253906
4,0,Left Hand,269,-82.34661483764648,168.2560272216797
4,0,Left Hand,270,-82.24625396728516,168.41021728515625
4,0,Left Hand,271,-82.12686157226562,168.5404510498047
4,0,Left Hand,272,-82.0248031616211,168.70553588867188
4,0,Left Hand,273,-81.90011215209961,168.67127990722656
4,0,Left Hand,274,-81.77991485595703,168.64766693115234
4,0,Left Hand,275,-81.66874313354492,168.71375274658203
4,0,Left Hand,276,-81.5693359375,168.60773468017578
4,0,Left Hand,277,-81.46770095825195,168.60782623291016
4,0,Left Hand,278,-81.3613166809082,168.48480224609375
4,0,Left Hand,279,-81.2440071105957,168.36329650878906
4,0,Left Hand,280,-81.13827514648438,168.31968688964844
4,0,Left Hand,281,-81.03749084472656,168.39479064941406
4,0,Left Hand,282,-80.91360855102539,168.36475372314453
4,0,Left Hand,283,-80.77690505981445,168.33199310302734
4,0,Left Hand,284,-80.64034652709961,168.294189453125
4,0,Left Hand,285,-80.50454330444336,168.2770004272461
4,0,Left Hand,286,-80.4005012512207,168.17081451416016
4,0,Left Hand,287,-80.29379272460938,168.14936065673828
4,0,Left Hand,288,-80.19255447387695,168.12615966796875
4,0,Left Hand,289,-80.08993911743164,168.2183609008789
4,0,Left Hand,290,-79.99945831298828,168.2839126586914
4,0,Left Hand,291,-79.93965530395508,168.2021713256836
4,0,Left Hand,292,-79.82571411132812,168.18683624267578
4,0,Left Hand,293,-79.68873977661133,168.16184997558594
4,0,Left Hand,294,-79.63240051269531,168.08490753173828
4,0,Left Hand,295,-79.54620361328125,167.86487579345703
4,0,Left Hand,296,-79.48291778564453,167.82196807861328
4,0,Left Hand,297,-79.44314193725586,167.9373550415039
4,0,Left Hand,298,-79.37813949584961,167.93878173828125
4,0,Left Hand,299,-79.29343032836914,167.85248565673828
4,0,Left Hand,300,-79.19281768798828,167.81197357177734
4,1,Right Hand,1,-3.9685914516448975,0.7388219833374023
4,1,Right Hand,2,-40.398319244384766,-1.53159761428833
4,1,Right Hand,3,-101.9555435180664,-17.437238693237305
4,1,Right Hand,4,-163.7890625,-52.85489082336426
4,1,Right Hand,5,-207.43277740478516,-101.2971305847168
4,1,Right Hand,6,-229.89686584472656,-150.54209899902344
4,1,Right Hand,7,-237.77666473388672,-193.56857299804688
4,1,Right Hand,8,-236.35800170898438,-227.0109100341797
4,1,Right Hand,9,-229.79297637939453,-250.6101303100586
4,1,Right Hand,10,-220.77659606933594,-266.18702697753906
4,1,Right Hand,11,-211.48873901367188,-277.0205841064453
4,1,Right Hand,12,-201.92909240722656,-283.20912170410156
4,1,Right Hand,13,-192.89064025878906,-286.8408966064453
4,1,Right Hand,14,-184.3551483154297,-288.0404968261719
4,1,Right Hand,15,-176.33280181884766,-287.1500244140625
4,1,Right Hand,16,-168.9711685180664,-285.5507507324219
4,1,Right Hand,17,-161.96456909179688,-281.4708251953125
4,1,Right Hand,18,-155.41710662841797,-276.4944152832031
4,1,Right Hand,19,-149.44361114501953,-271.5941619873047
4,1,Right Hand,20,-143.83602905273438,-266.9909362792969
4,1,Right Hand,21,-138.56749725341797,-261.2143859863281
4,1,Right Hand,22,-133.81008911132812,-255.22154998779297
4,1,Right Hand,23,-129.49015045166016,-250.34589385986328
4,1,Right Hand,24,-125.41760635375977,-245.99384307861328
4,1,Right Hand,25,-121.49527359008789,-240.87060546875
4,1,Right Hand,26,-117.92842864990234,-236.4972152709961
4,1,Right Hand,27,-114.72916412353516,-230.811279296875
4,1,Right Hand,28,-111.82849502563477,-224.9389419555664
4,1,Right Hand,29,-109.18427276611328,-219.7879409790039
4,1,Right Hand,30,-106.70895004272461,-214.6092071533203
4,1,Right Hand,31,-104.39284896850586,-209.85124969482422
4,1,Right Hand,32,-102.14083862304688,-205.99675750732422
4,1,Right Hand,33,-99.99843978881836,-202.2161102294922
4,1,Right Hand,34,-98.12873840332031,-197.78376007080078
4,1,Right Hand,35,-96.45423889160156,-193.59315490722656
4,1,Right Hand,36,-94.92589569091797,-189.0526123046875
4,1,Right Hand,37,-93.6280288696289,-183.1971206665039
4,1,Right Hand,38,-92.58191299438477,-179.55421447753906
4,1,Right Hand,39,-91.35811233520508,-174.22467803955078
4,1,Right Hand,40,-90.13402938842773,-171.26419830322266
4,1,Right Hand,41,-89.0601806640625,-166.99151611328125
4,1,Right Hand,42,-88.23554992675781,-163.47473907470703
4,1,Right Hand,43,-87.31782531738281,-160.1609878540039
4,1,Right Hand,44,-86.53735733032227,-155.85372924804688
4,1,Right Hand,45,-85.87040328979492,-152.72466278076172
4,1,Right Hand,46,-85.17375564575195,-149.2137222290039
4,1,Right Hand,47,-84.51800918579102,-145.37811279296875
4,1,Right Hand,48,-83.77262496948242,-142.34514617919922
4,1,Right Hand,49,-82.961669921875,-139.5267562866211
4,1,Right Hand,50,-82.25558853149414,-137.3601837158203
4,1,Right Hand,51,-81.8062858581543,-134.06785583496094
4,1,Right Hand,52,-81.38143920898438,-130.4617156982422
4,1,Right Hand,53,-80.7609634399414,-127.18611907958984
4,1,Right Hand,54,-80.18966674804688,-124.39824295043945
4,1,Right Hand,55,-79.87616729736328,-121.69919967651367
4,1,Right Hand,56,-79.8318862915039,-118.9195442199707
4,1,Right Hand,57,-79.6645622253418,-116.18659973144531
4,1,Right Hand,58,-79.35538101196289,-113.32666397094727
4,1,Right Hand,59,-78.91963577270508,-110.24764251708984
4,1,Right Hand,60,-78.32830429077148,-107.61534118652344
4,1,Right Hand,61,-77.93295288085938,-105.98074722290039
4,1,Right Hand,62,-77.60014724731445,-103.31939697265625
4,1,Right Hand,63,-77.20723342895508,-100.64141464233398
4,1,Right Hand,64,-76.87913513183594,-97.65530014038086
4,1,Right Hand,65,-76.54452133178711,-95.20313262939453
4,1,Right Hand,66,-76.14696502685547,-92.75581741333008
4,1,Right Hand,67,-75.85005950927734,-90.77082824707031
4,1,Right Hand,68,-75.76883697509766,-88.34643173217773
4,1,Right Hand,69,-75.87397766113281,-86.0040512084961
4,1,Right Hand,70,-75.78092956542969,-83.34227752685547
4,1,Right Hand,71,-75.49063873291016,-81.36116409301758
4,1,Right Hand,72,-75.14164733886719,-78.43862533569336
4,1,Right Hand,73,-74.73625946044922,-76.33855056762695
4,1,Right Hand,74,-74.32791519165039,-74.75397872924805
4,1,Right Hand,75,-74.14249801635742,-73.33041381835938
4,1,Right Hand,76,-74.4075813293457,-72.06014633178711
4,1,Right Hand,77,-74.80751419067383,-70.04832458496094
4,1,Right Hand,78,-74.90888214111328,-67.78043365478516
4,1,Right Hand,79,-74.75979232788086,-65.76881408691406
4,1,Right Hand,80,-74.62060165405273,-63.832557678222656
4,1,Right Hand,81,-74.68730545043945,-61.688425064086914
4,1,Right Hand,82,-74.78980255126953,-59.51944923400879
4,1,Right Hand,83,-74.81282806396484,-57.536556243896484
4,1,Right Hand,84,-74.85529708862305,-55.22890663146973
4,1,Right Hand,85,-74.78203201293945,-52.860755920410156
4,1,Right Hand,86,-74.62615203857422,-51.16217041015625
4,1,Right Hand,87,-74.35822296142578,-49.747636795043945
4,1,Right Hand,88,-74.16847610473633,-48.22310447692871
4,1,Right Hand,89,-74.17161560058594,-46.99282455444336
4,1,Right Hand,90,-74.3043441772461,-45.64484786987305
4,1,Right Hand,91,-74.4864730834961,-43.53731727600098
4,1,Right Hand,92,-74.6953239440918,-41.2067813873291
4,1,Right Hand,93,-74.86077880859375,-38.94062423706055
4,1,Right Hand,94,-74.78365707397461,-36.76952362060547
4,1,Right Hand,95,-74.47695541381836,-35.27456283569336
4,1,Right Hand,96,-74.11335372924805,-34.29970169067383
4,1,Right Hand,97,-73.89151382446289,-33.82256317138672
4,1,Right Hand,98,-73.91215133666992,-32.83670234680176
4,1,Right Hand,99,-74.1008186340332,-31.229490280151367
4,1,Right Hand,100,-74.14645767211914,-29.34441089630127
4,1,Right Hand,101,-73.92977142333984,-27.876633644104004
4,1,Right Hand,102,-73.6542854309082,-26.739445686340332
4,1,Right Hand,103,-73.46156692504883,-25.471110343933105
4,1,Right Hand,104,-73.33440780639648,-24.673542976379395
4,1,Right Hand,105,-73.24459075927734,-23.90557098388672
4,1,Right Hand,106,-73.30918884277344,-22.888582229614258
4,1,Right Hand,107,-73.59541702270508,-21.444056510925293
4,1,Right Hand,108,-73.87778854370117,-19.950373649597168
4,1,Right Hand,109,-73.61731719970703,-18.922207832336426
4,1,Right Hand,110,-73.17200088500977,-17.828545570373535
4,1,Right Hand,111,-72.84222412109375,-16.690497398376465
4,1,Right Hand,112,-72.71153259277344,-15.527917861938477
4,1,Right Hand,113,-72.8005142211914,-14.62715768814087
4,1,Right Hand,114,-72.85930252075195,-13.123109340667725
4,1,Right Hand,115,-72.72944641113281,-11.675720691680908
4,1,Right Hand,116,-72.60727310180664,-10.234029769897461
4,1,Right Hand,117,-72.49685287475586,-8.990428924560547
4,1,Right Hand,118,-72.40844345092773,-7.624614000320435
4,1,Right Hand,119,-72.39294052124023,-6.330352544784546
4,1,Right Hand,120,-72.48249435424805,-5.464649200439453
4,1,Right Hand,121,-72.5708999633789,-4.038737177848816
4,1,Right Hand,122,-72.53876495361328,-2.693876624107361
4,1,Right Hand,123,-72.41675567626953,-1.400541603565216
4,1,Right Hand,124,-72.32326889038086,-0.17879131436347961
4,1,Right Hand,125,-72.32180786132812,1.330438643693924
4,1,Right Hand,126,-72.2967529296875,2.574029326438904
4,1,Right Hand,127,-72.1333236694336,3.6765923500061035
4,1,Right Hand,128,-71.96846771240234,4.563082933425903
4,1,Right Hand,129,-71.86759567260742,5.390430927276611
4,1,Right Hand,130,-71.8898696899414,6.006938934326172
4,1,Right Hand,131,-72.11509323120117,6.97648286819458
4,1,Right Hand,132,-72.43155288696289,8.519266128540039
4,1,Right Hand,133,-72.37706756591797,10.114551067352295
4,1,Right Hand,134,-72.15910339355469,10.924184322357178
4,1,Right Hand,135,-71.93395233154297,11.691423416137695
4,1,Right Hand,136,-71.77367401123047,12.402586936950684
4,1,Right Hand,137,-71.73516845703125,13.562171936035156
4,1,Right Hand,138,-71.7817497253418,14.872389316558838
4,1,Right Hand,139,-71.81954956054688,16.274940013885498
4,1,Right Hand,140,-71.82592391967773,17.31782341003418
4,1,Right Hand,141,-71.79254913330078,18.209808349609375
4,1,Right Hand,142,-71.68276596069336,19.06033992767334
4,1,Right Hand,143,-71.50454711914062,20.015071868896484
4,1,Right Hand,144,-71.38057708740234,20.634376525878906
4,1,Right Hand,145,-71.35081100463867,21.73029899597168
4,1,Right Hand,146,-71.37324905395508,23.04003143310547
4,1,Right Hand,147,-71.38481521606445,24.227469444274902
4,1,Right Hand,148,-71.35273361206055,25.68599510192871
4,1,Right Hand,149,-71.30137634277344,26.96061134338379
4,1,Right Hand,150,-71.28042221069336,28.018997192382812
4,1,Right Hand,151,-71.27289199829102,29.06645107269287
4,1,Right Hand,152,-71.26388931274414,29.94810390472412
4,1,Right Hand,153,-71.30838775634766,30.631223678588867
4,1,Right Hand,154,-71.42631530761719,31.558520317077637
4,1,Right Hand,155,-71.57705688476562,32.32003402709961
4,1,Right Hand,156,-71.68279647827148,33.30793571472168
4,1,Right Hand,157,-71.68634796142578,34.34316635131836
4,1,Right Hand,158,-71.62399291992188,35.582353591918945
4,1,Right Hand,159,-71.58687210083008,36.66774559020996
4,1,Right Hand,160,-71.53908920288086,37.692148208618164
4,1,Right Hand,161,-71.4487190246582,38.83191108703613
4,1,Right Hand,162,-71.37724304199219,39.66899871826172
4,1,Right Hand,163,-71.3227767944336,40.813154220581055
4,1,Right Hand,164,-71.31438827514648,41.61850357055664
4,1,Right Hand,165,-71.39521408081055,42.47881889343262
4,1,Right Hand,166,-71.56608963012695,43.444753646850586
4,1,Right Hand,167,-71.72823333740234,44.28147888183594
4,1,Right Hand,168,-71.77705001831055,45.56626892089844
4,1,Right Hand,169,-71.79631805419922,46.32168388366699
4,1,Right Hand,170,-71.74641036987305,46.81663513183594
4,1,Right Hand,171,-71.72467041015625,47.753530502319336
4,1,Right Hand,172,-71.71863555908203,48.47934532165527
4,1,Right Hand,173,-71.60675811767578,49.30729866027832
4,1,Right Hand,174,-71.56222915649414,50.265777587890625
4,1,Right Hand,175,-71.62586975097656,51.32150077819824
4,1,Right Hand,176,-71.68957138061523,52.01477241516113
4,1,Right Hand,177,-71.8121223449707,52.56201362609863
4,1,Right Hand,178,-71.95269775390625,53.178274154663086
4,1,Right Hand,179,-72.05022048950195,53.81033706665039
4,1,Right Hand,180,-72.14854049682617,54.62656021118164
4,1,Right Hand,181,-72.16396713256836,55.530357360839844
4,1,Right Hand,182,-72.07829284667969,56.71573257446289
4,1,Right Hand,183,-71.98312377929688,57.784339904785156
4,1,Right Hand,184,-71.92679214477539,58.649431228637695
4,1,Right Hand,185,-71.9006576538086,59.50343704223633
4,1,Right Hand,186,-71.8666877746582,60.64274787902832
4,1,Right Hand,187,-71.86550521850586,61.44474411010742
4,1,Right Hand,188,-71.86032485961914,62.20176315307617
4,1,Right Hand,189,-71.85135269165039,63.06619834899902
4,1,Right Hand,190,-71.91280364990234,63.79870796203613
4,1,Right Hand,191,-72.00408554077148,64.59196090698242
4,1,Right Hand,192,-72.06085968017578,65.71830749511719
4,1,Right Hand,193,-72.0648193359375,66.70235061645508
4,1,Right Hand,194,-72.0135383605957,67.6899185180664
4,1,Right Hand,195,-71.91926574707031,68.4482307434082
4,1,Right Hand,196,-71.82255554199219,69.22418212890625
4,1,Right Hand,197,-71.75443649291992,69.82959365844727
4,1,Right Hand,198,-71.79193496704102,70.36493301391602
4,1,Right Hand,199,-71.9149398803711,71.16890716552734
4,1,Right Hand,200,-71.9728012084961,72.29438018798828
4,1,Right Hand,201,-71.97214889526367,73.4991340637207
4,1,Right Hand,202,-71.95519256591797,74.60334014892578
4,1,Right Hand,203,-71.93851470947266,75.59688186645508
4,1,Right Hand,204,-71.95576477050781,76.6094970703125
4,1,Right Hand,205,-71.9930534362793,77.45489883422852
4,1,Right Hand,206,-72.04459762573242,78.4705924987793
4,1,Right Hand,207,-72.08953094482422,79.11453247070312
4,1,Right Hand,208,-72.07112884521484,79.96880340576172
4,1,Right Hand,209,-72.05625534057617,80.69032287597656
4,1,Right Hand,210,-72.06036376953125,81.84075164794922
4,1,Right Hand,211,-72.05423736572266,82.76897048950195
4,1,Right Hand,212,-72.03674697875977,83.68755722045898
4,1,Right Hand,213,-72.06717300415039,84.60891723632812
4,1,Right Hand,214,-72.14118194580078,85.36774063110352
4,1,Right Hand,215,-72.19305801391602,86.41777801513672
4,1,Right Hand,216,-72.17765426635742,87.45587158203125
4,1,Right Hand,217,-72.1302604675293,88.2815170288086
4,1,Right Hand,218,-72.14115142822266,89.2201156616211
4,1,Right Hand,219,-72.1908950805664,90.15128707885742
4,1,Right Hand,220,-72.23462677001953,91.1563720703125
4,1,Right Hand,221,-72.31180191040039,92.2529411315918
4,1,Right Hand,222,-72.40510559082031,93.38977432250977
4,1,Right Hand,223,-72.49312591552734,94.66717147827148
4,1,Right Hand,224,-72.53445434570312,95.90376281738281
4,1,Right Hand,225,-72.5688362121582,97.07176208496094
4,1,Right Hand,226,-72.57142639160156,98.09943008422852
4,1,Right Hand,227,-72.56915283203125,99.02168655395508
4,1,Right Hand,228,-72.60853958129883,100.0855712890625
4,1,Right Hand,229,-72.67657852172852,101.13083267211914
4,1,Right Hand,230,-72.72785949707031,102.19953155517578
4,1,Right Hand,231,-72.72811508178711,103.09399032592773
4,1,Right Hand,232,-72.7189712524414,103.89643859863281
4,1,Right Hand,233,-72.73722839355469,104.82734680175781
4,1,Right Hand,234,-72.76132202148438,105.74477767944336
4,1,Right Hand,235,-72.7887954711914,106.748779296875
4,1,Right Hand,236,-72.79854583740234,107.88155364990234
4,1,Right Hand,237,-72.89702606201172,109.148193359375
4,1,Right Hand,238,-73.07612991333008,110.31141662597656
4,1,Right Hand,239,-73.2083969116211,111.77182388305664
4,1,Right Hand,240,-73.20530700683594,112.9634780883789
4,1,Right Hand,241,-73.24775695800781,114.1034164428711
4,1,Right Hand,242,-73.29472351074219,115.29544067382812
4,1,Right Hand,243,-73.3349838256836,115.98025131225586
4,1,Right Hand,244,-73.45922088623047,116.93563079833984
4,1,Right Hand,245,-73.59482955932617,118.09057235717773
4,1,Right Hand,246,-73.61981582641602,119.00157165527344
4,1,Right Hand,247,-73.63126373291016,119.80012512207031
4,1,Right Hand,248,-73.72989654541016,120.75259399414062
4,1,Right Hand,249,-73.80859756469727,121.95755004882812
4,1,Right Hand,250,-73.8033332824707,123.18424606323242
4,1,Right Hand,251,-73.8265380859375,124.1417465209961
4,1,Right Hand,252,-73.90081024169922,125.07713317871094
4,1,Right Hand,253,-74.04480743408203,126.0571403503418
4,1,Right Hand,254,-74.19465637207031,127.21878433227539
4,1,Right Hand,255,-74.23851013183594,128.26819610595703
4,1,Right Hand,256,-74.28593826293945,129.44734954833984
4,1,Right Hand,257,-74.31950378417969,130.57233428955078
4,1,Right Hand,258,-74.34078598022461,131.6548080444336
4,1,Right Hand,259,-74.3894157409668,132.4450912475586
4,1,Right Hand,260,-74.41202926635742,133.33282470703125
4,1,Right Hand,261,-74.4945297241211,134.2126235961914
4,1,Right Hand,262,-74.55868911743164,135.35169219970703
4,1,Right Hand,263,-74.59939193725586,136.17697143554688
4,1,Right Hand,264,-74.69134902954102,137.2071990966797
4,1,Right Hand,265,-74.76302719116211,138.29059600830078
4,1,Right Hand,266,-74.78715896606445,139.23804473876953
4,1,Right Hand,267,-74.81193161010742,140.3108367919922
4,1,Right Hand,268,-74.8620491027832,141.3126678466797
4,1,Right Hand,269,-74.94367218017578,142.36026763916016
4,1,Right Hand,270,-74.92000579833984,143.19469451904297
4,1,Right Hand,271,-74.89002990722656,143.96131134033203
4,1,Right Hand,272,-74.90353775024414,144.78844451904297
4,1,Right Hand,273,-74.94841384887695,145.91561126708984
4,1,Right Hand,274,-75.00912475585938,147.03839111328125
4,1,Right Hand,275,-75.08102798461914,148.09554290771484
4,1,Right Hand,276,-75.26451873779297,149.0964813232422
4,1,Right Hand,277,-75.42206954956055,150.1329803466797
4,1,Right Hand,278,-75.4161491394043,150.9870834350586
4,1,Right Hand,279,-75.3780403137207,151.6785430908203
4,1,Right Hand,280,-75.39228439331055,152.55834197998047
4,1,Right Hand,281,-75.37678146362305,153.49021911621094
4,1,Right Hand,282,-75.32300567626953,154.31085205078125
4,1,Right Hand,283,-75.41621017456055,155.14808654785156
4,1,Right Hand,284,-75.49492263793945,155.8758773803711
4,1,Right Hand,285,-75.39382934570312,156.40750122070312
4,1,Right Hand,286,-75.33562850952148,156.99340057373047
4,1,Right Hand,287,-75.35733795166016,157.77469635009766
4,1,Right Hand,288,-75.31737899780273,158.63931274414062
4,1,Right Hand,289,-75.3134536743164,159.34429168701172
4,1,Right Hand,290,-75.35071563720703,159.93949127197266
4,1,Right Hand,291,-75.22432327270508,160.11290740966797
4,1,Right Hand,292,-75.09754180908203,160.18201446533203
4,1,Right Hand,293,-75.02907943725586,160.5909194946289
4,1,Right Hand,294,-74.93254089355469,160.99281311035156
4,1,Right Hand,295,-74.85404586791992,161.45386505126953
4,1,Right Hand,296,-74.75937271118164,161.75231170654297
4,1,Right Hand,297,-74.61048126220703,161.8228302001953
4,1,Right Hand,298,-74.51544952392578,162.0251007080078
4,1,Right Hand,299,-74.4291877746582,162.3014373779297
4,1,Right Hand,300,-74.28457260131836,162.31207275390625
4,2,Both Feet,1,-1.1537458896636963,0.8846225738525391
4,2,Both Feet,2,-24.93070363998413,-0.2350095510482788
4,2,Both Feet,3,-65.86006736755371,-8.381778240203857
4,2,Both Feet,4,-110.54732131958008,-27.349669456481934
4,2,Both Feet,5,-149.0515365600586,-56.951171875
4,2,Both Feet,6,-175.99176788330078,-94.40640640258789
4,2,Both Feet,7,-190.33911895751953,-130.72674560546875
4,2,Both Feet,8,-195.4225845336914,-158.55819702148438
4,2,Both Feet,9,-195.78130340576172,-178.96208953857422
4,2,Both Feet,10,-193.7212371826172,-194.90363311767578
4,2,Both Feet,11,-190.41109466552734,-207.83129119873047
4,2,Both Feet,12,-185.77444458007812,-215.1642837524414
4,2,Both Feet,13,-180.1086196899414,-220.02169799804688
4,2,Both Feet,14,-174.57573699951172,-223.63916015625
4,2,Both Feet,15,-169.35375213623047,-227.0687026977539
4,2,Both Feet,16,-164.35094451904297,-228.96471405029297
4,2,Both Feet,17,-159.01944732666016,-227.43673706054688
4,2,Both Feet,18,-153.73665618896484,-226.25017547607422
4,2,Both Feet,19,-148.82569122314453,-225.16363525390625
4,2,Both Feet,20,-144.19647216796875,-223.58116149902344
4,2,Both Feet,21,-139.87140655517578,-222.11373901367188
4,2,Both Feet,22,-135.75399780273438,-219.61166381835938
4,2,Both Feet,23,-131.72052764892578,-217.47781372070312
4,2,Both Feet,24,-127.88647842407227,-214.66766357421875
4,2,Both Feet,25,-124.0486068725586,-211.45780181884766
4,2,Both Feet,26,-120.3950080871582,-207.6111831665039
4,2,Both Feet,27,-117.00537872314453,-204.63546752929688
4,2,Both Feet,28,-114.00608825683594,-202.93444061279297
4,2,Both Feet,29,-111.24652099609375,-199.35289001464844
4,2,Both Feet,30,-108.51994705200195,-196.6344985961914
4,2,Both Feet,31,-105.9745979309082,-193.48357391357422
4,2,Both Feet,32,-103.4650650024414,-190.3733901977539
4,2,Both Feet,33,-101.11089706420898,-186.7377700805664
4,2,Both Feet,34,-98.91524124145508,-182.89108276367188
4,2,Both Feet,35,-96.90801620483398,-179.26288604736328
4,2,Both Feet,36,-95.00774383544922,-175.47918701171875
4,2,Both Feet,37,-93.23479461669922,-170.95008087158203
4,2,Both Feet,38,-91.64924621582031,-168.49327087402344
4,2,Both Feet,39,-90.0569076538086,-164.46673583984375
4,2,Both Feet,40,-88.62997055053711,-161.19048309326172
4,2,Both Feet,41,-87.39801025390625,-158.0681381225586
4,2,Both Feet,42,-86.34326171875,-153.92105102539062
4,2,Both Feet,43,-85.19680404663086,-149.77762603759766
4,2,Both Feet,44,-84.19121551513672,-146.16844177246094
4,2,Both Feet,45,-83.25569534301758,-143.37965393066406
4,2,Both Feet,46,-82.31527709960938,-140.5093536376953
4,2,Both Feet,47,-81.51630401611328,-137.80543518066406
4,2,Both Feet,48,-80.84333801269531,-134.89502716064453
4,2,Both Feet,49,-80.20974731445312,-131.31525421142578
4,2,Both Feet,50,-79.590576171875,-127.43963623046875
4,2,Both Feet,51,-78.9146499633789,-124.75237274169922
4,2,Both Feet,52,-78.10041427612305,-122.54229736328125
4,2,Both Feet,53,-77.33472061157227,-121.59870529174805
4,2,Both Feet,54,-76.72241973876953,-119.96864318847656
4,2,Both Feet,55,-76.16571807861328,-117.6579360961914
4,2,Both Feet,56,-75.84356689453125,-115.47275161743164
4,2,Both Feet,57,-75.583740234375,-112.51175308227539
4,2,Both Feet,58,-75.3872299194336,-109.34555435180664
4,2,Both Feet,59,-75.15249633789062,-105.6926155090332
4,2,Both Feet,60,-74.72442245483398,-101.7791748046875
4,2,Both Feet,61,-74.1172981262207,-99.0022964477539
4,2,Both Feet,62,-73.4163932800293,-97.2609634399414
4,2,Both Feet,63,-72.83938980102539,-95.45372772216797
4,2,Both Feet,64,-72.38259887695312,-94.3071174621582
4,2,Both Feet,65,-72.12276077270508,-92.02024841308594
4,2,Both Feet,66,-72.00519180297852,-89.88650894165039
4,2,Both Feet,67,-71.89041137695312,-86.47239685058594
4,2,Both Feet,68,-71.6929931640625,-83.71329116821289
4,2,Both Feet,69,-71.4563217163086,-81.07466888427734
4,2,Both Feet,70,-71.24419021606445,-78.35884857177734
4,2,Both Feet,71,-70.86774063110352,-76.5675048828125
4,2,Both Feet,72,-70.48009872436523,-75.75517272949219
4,2,Both Feet,73,-70.2675895690918,-74.45446395874023
4,2,Both Feet,74,-70.21536636352539,-73.50858306884766
4,2,Both Feet,75,-70.1844711303711,-71.99863815307617
4,2,Both Feet,76,-70.10417938232422,-69.57201766967773
4,2,Both Feet,77,-70.04087829589844,-67.00688171386719
4,2,Both Feet,78,-70.03711700439453,-63.823814392089844
4,2,Both Feet,79,-69.99202346801758,-61.43408966064453
4,2,Both Feet,80,-69.71599578857422,-59.21458625793457
4,2,Both Feet,81,-69.51691818237305,-57.323673248291016
4,2,Both Feet,82,-69.53552627563477,-56.06357765197754
4,2,Both Feet,83,-69.6275749206543,-54.073570251464844
4,2,Both Feet,84,-69.69041061401367,-52.3817138671875
4,2,Both Feet,85,-69.7480239868164,-49.97026252746582
4,2,Both Feet,86,-69.69159317016602,-47.79616737365723
4,2,Both Feet,87,-69.54086303710938,-45.89880180358887
4,2,Both Feet,88,-69.42573165893555,-43.170677185058594
4,2,Both Feet,89,-69.15038299560547,-40.931901931762695
4,2,Both Feet,90,-68.83917236328125,-39.28101348876953
4,2,Both Feet,91,-68.72372055053711,-37.2134952545166
4,2,Both Feet,92,-68.80352783203125,-35.20936393737793
4,2,Both Feet,93,-68.96196365356445,-33.42813491821289
4,2,Both Feet,94,-69.19245910644531,-30.834135055541992
4,2,Both Feet,95,-69.33682250976562,-28.86652183532715
4,2,Both Feet,96,-69.31609725952148,-26.85823345184326
4,2,Both Feet,97,-69.25348281860352,-25.926219940185547
4,2,Both Feet,98,-69.03585433959961,-24.67319965362549
4,2,Both Feet,99,-68.76053237915039,-23.215676307678223
4,2,Both Feet,100,-68.64774322509766,-22.112390518188477
4,2,Both Feet,101,-68.64013671875,-20.837193489074707
4,2,Both Feet,102,-68.61509704589844,-19.153987884521484
4,2,Both Feet,103,-68.49710845947266,-17.543566703796387
4,2,Both Feet,104,-68.35831832885742,-16.059805393218994
4,2,Both Feet,105,-68.21860122680664,-14.965767860412598
4,2,Both Feet,106,-68.17030715942383,-13.477718353271484
4,2,Both Feet,107,-68.20537948608398,-12.105321407318115
4,2,Both Feet,108,-68.3360824584961,-10.08336591720581
4,2,Both Feet,109,-68.43421173095703,-7.449256181716919
4,2,Both Feet,110,-68.45636367797852,-5.226288557052612
4,2,Both Feet,111,-68.30682754516602,-3.689971089363098
4,2,Both Feet,112,-68.07371139526367,-2.730291962623596
4,2,Both Feet,113,-67.90918731689453,-2.150034785270691
4,2,Both Feet,114,-67.90095520019531,-1.1666955649852753
4,2,Both Feet,115,-67.94918441772461,-0.09843068569898605
4,2,Both Feet,116,-67.95476913452148,1.4359004497528076
4,2,Both Feet,117,-67.9115219116211,3.2975763082504272
4,2,Both Feet,118,-67.80879211425781,4.717438220977783
4,2,Both Feet,119,-67.72576522827148,6.329421043395996
4,2,Both Feet,120,-67.57806396484375,7.175383567810059
4,2,Both Feet,121,-67.48946762084961,8.084187507629395
4,2,Both Feet,122,-67.59446334838867,9.010525226593018
4,2,Both Feet,123,-67.77648544311523,10.355393886566162
4,2,Both Feet,124,-67.8040885925293,12.00663423538208
4,2,Both Feet,125,-67.7150650024414,13.544119834899902
4,2,Both Feet,126,-67.60052490234375,15.331771850585938
4,2,Both Feet,127,-67.43707275390625,16.655324935913086
4,2,Both Feet,128,-67.36531829833984,17.878560066223145
4,2,Both Feet,129,-67.45267486572266,19.330127716064453
4,2,Both Feet,130,-67.54242324829102,21.0114803314209
4,2,Both Feet,131,-67.51905822753906,22.502253532409668
4,2,Both Feet,132,-67.41959762573242,24.06553363800049
4,2,Both Feet,133,-67.32382583618164,25.53483009338379
4,2,Both Feet,134,-67.18944549560547,26.294967651367188
4,2,Both Feet,135,-67.10807037353516,27.366822242736816
4,2,Both Feet,136,-67.13837814331055,28.45004177093506
4,2,Both Feet,137,-67.1871109008789,29.80261993408203
4,2,Both Feet,138,-67.19283294677734,31.194026947021484
4,2,Both Feet,139,-67.17282485961914,32.49040412902832
4,2,Both Feet,140,-67.15913391113281,33.62537384033203
4,2,Both Feet,141,-67.0558967590332,34.64164161682129
4,2,Both Feet,142,-66.93482971191406,35.450517654418945
4,2,Both Feet,143,-66.89223098754883,36.75357627868652
4,2,Both Feet,144,-66.86238861083984,38.00173568725586
4,2,Both Feet,145,-66.86187744140625,39.04489517211914
4,2,Both Feet,146,-66.90940856933594,40.326324462890625
4,2,Both Feet,147,-66.96195220947266,41.49697494506836
4,2,Both Feet,148,-66.926025390625,42.76853370666504
4,2,Both Feet,149,-66.87693786621094,44.12076950073242
4,2,Both Feet,150,-66.77685165405273,45.2910270690918
4,2,Both Feet,151,-66.63060760498047,46.2109489440918
4,2,Both Feet,152,-66.58245086669922,47.44262504577637
4,2,Both Feet,153,-66.66790390014648,49.03149604797363
4,2,Both Feet,154,-66.80390167236328,50.38998031616211
4,2,Both Feet,155,-66.89690399169922,51.82656288146973
4,2,Both Feet,156,-66.86295318603516,53.01534461975098
4,2,Both Feet,157,-66.69333267211914,54.17751693725586
4,2,Both Feet,158,-66.48764038085938,54.822357177734375
4,2,Both Feet,159,-66.43401336669922,55.4539737701416
4,2,Both Feet,160,-66.53229522705078,56.218387603759766
4,2,Both Feet,161,-66.6015739440918,57.16535758972168
4,2,Both Feet,162,-66.44640350341797,57.900936126708984
4,2,Both Feet,163,-66.29120254516602,58.980695724487305
4,2,Both Feet,164,-66.15005493164062,59.94196319580078
4,2,Both Feet,165,-66.06057739257812,60.80147743225098
4,2,Both Feet,166,-66.04275131225586,61.86840057373047
4,2,Both Feet,167,-66.05819320678711,63.00730895996094
4,2,Both Feet,168,-66.0523796081543,64.11749458312988
4,2,Both Feet,169,-66.03246688842773,65.2392349243164
4,2,Both Feet,170,-66.02933120727539,66.62705612182617
4,2,Both Feet,171,-66.1194953918457,67.86787796020508
4,2,Both Feet,172,-66.28192138671875,69.21242141723633
4,2,Both Feet,173,-66.34464645385742,70.60248565673828
4,2,Both Feet,174,-66.28459930419922,71.81805419921875
4,2,Both Feet,175,-66.17676544189453,72.77777099609375
4,2,Both Feet,176,-66.12612533569336,73.56610870361328
4,2,Both Feet,177,-66.14182662963867,74.86924362182617
4,2,Both Feet,178,-66.17761611938477,76.2363395690918
4,2,Both Feet,179,-66.1308364868164,77.45295333862305
4,2,Both Feet,180,-66.10133743286133,78.40839004516602
4,2,Both Feet,181,-66.13880157470703,79.14165878295898
4,2,Both Feet,182,-66.24312591552734,79.86117553710938
4,2,Both Feet,183,-66.35374069213867,80.74146270751953
4,2,Both Feet,184,-66.36305236816406,81.76010131835938
4,2,Both Feet,185,-66.22306823730469,82.64484786987305
4,2,Both Feet,186,-66.18058776855469,83.81324768066406
4,2,Both Feet,187,-66.2491226196289,84.93168640136719
4,2,Both Feet,188,-66.35740280151367,86.24247360229492
4,2,Both Feet,189,-66.43574523925781,87.86291885375977
4,2,Both Feet,190,-66.47854614257812,88.7686996459961
4,2,Both Feet,191,-66.48865509033203,89.23691177368164
4,2,Both Feet,192,-66.56389236450195,89.74862670898438
4,2,Both Feet,193,-66.71269607543945,90.52524948120117
4,2,Both Feet,194,-66.70895004272461,91.25978088378906
4,2,Both Feet,195,-66.6881332397461,92.1195182800293
4,2,Both Feet,196,-66.71034622192383,93.01276016235352
4,2,Both Feet,197,-66.66750717163086,93.94227600097656
4,2,Both Feet,198,-66.62613296508789,94.81924438476562
4,2,Both Feet,199,-66.63775634765625,95.83961486816406
4,2,Both Feet,200,-66.70049285888672,96.7459602355957
4,2,Both Feet,201,-66.72724914550781,97.66780471801758
4,2,Both Feet,202,-66.74395751953125,98.93503952026367
4,2,Both Feet,203,-66.71647644042969,100.02007675170898
4,2,Both Feet,204,-66.64599609375,100.92437744140625
4,2,Both Feet,205,-66.63638305664062,101.70865249633789
4,2,Both Feet,206,-66.71956253051758,102.55986404418945
4,2,Both Feet,207,-66.83274841308594,103.40782165527344
4,2,Both Feet,208,-66.88801956176758,104.56303787231445
4,2,Both Feet,209,-66.99748229980469,105.62696075439453
4,2,Both Feet,210,-67.01062774658203,106.8369255065918
4,2,Both Feet,211,-66.93626403808594,107.68314361572266
4,2,Both Feet,212,-66.93627548217773,108.63947296142578
4,2,Both Feet,213,-67.06764221191406,109.53968811035156
4,2,Both Feet,214,-67.18112564086914,110.33686828613281
4,2,Both Feet,215,-67.22457504272461,111.17156982421875
4,2,Both Feet,216,-67.24158096313477,112.08906173706055
4,2,Both Feet,217,-67.24800491333008,113.00876998901367
4,2,Both Feet,218,-67.23826217651367,113.66533279418945
4,2,Both Feet,219,-67.30255508422852,114.58927917480469
4,2,Both Feet,220,-67.45873641967773,115.60160827636719
4,2,Both Feet,221,-67.54178619384766,116.92269134521484
4,2,Both Feet,222,-67.61114120483398,118.25508880615234
4,2,Both Feet,223,-67.67223358154297,119.59477615356445
4,2,Both Feet,224,-67.6865348815918,120.68258285522461
4,2,Both Feet,225,-67.68473815917969,121.76646041870117
4,2,Both Feet,226,-67.73123168945312,122.71338272094727
4,2,Both Feet,227,-67.71802139282227,123.5627326965332
4,2,Both Feet,228,-67.70781707763672,124.15595245361328
4,2,Both Feet,229,-67.69902420043945,125.02008056640625
4,2,Both Feet,230,-67.63348770141602,126.03036880493164
4,2,Both Feet,231,-67.6093635559082,126.82516098022461
4,2,Both Feet,232,-67.69632339477539,127.73526000976562
4,2,Both Feet,233,-67.80905151367188,128.74573516845703
4,2,Both Feet,234,-67.90616607666016,129.87899780273438
4,2,Both Feet,235,-67.97428131103516,130.83441162109375
4,2,Both Feet,236,-68.01614761352539,131.8739013671875
4,2,Both Feet,237,-68.09696197509766,132.8630142211914
4,2,Both Feet,238,-68.1634292602539,133.79540252685547
4,2,Both Feet,239,-68.17641067504883,134.53497314453125
4,2,Both Feet,240,-68.16022109985352,135.3748779296875
4,2,Both Feet,241,-68.16825103759766,136.31098175048828
4,2,Both Feet,242,-68.25107192993164,137.3239517211914
4,2,Both Feet,243,-68.35305404663086,138.45684814453125
4,2,Both Feet,244,-68.42296600341797,139.61981964111328
4,2,Both Feet,245,-68.46947479248047,140.66261291503906
4,2,Both Feet,246,-68.4766845703125,141.70142364501953
4,2,Both Feet,247,-68.47854614257812,142.60144805908203
4,2,Both Feet,248,-68.5264778137207,143.58051300048828
4,2,Both Feet,249,-68.60005569458008,144.48430633544922
4,2,Both Feet,250,-68.65032196044922,145.4183578491211
4,2,Both Feet,251,-68.60580062866211,146.44232177734375
4,2,Both Feet,252,-68.57917022705078,147.38629150390625
4,2,Both Feet,253,-68.61198425292969,148.3595733642578
4,2,Both Feet,254,-68.62704467773438,149.4545135498047
4,2,Both Feet,255,-68.62386703491211,150.56232452392578
4,2,Both Feet,256,-68.61798858642578,151.56861877441406
4,2,Both Feet,257,-68.64569854736328,152.724609375
4,2,Both Feet,258,-68.71413040161133,153.77662658691406
4,2,Both Feet,259,-68.80332565307617,154.83341217041016
4,2,Both Feet,260,-68.82992172241211,155.7260513305664
4,2,Both Feet,261,-68.83192825317383,156.4793243408203
4,2,Both Feet,262,-68.8515510559082,157.32061767578125
4,2,Both Feet,263,-68.8535041809082,158.27398681640625
4,2,Both Feet,264,-68.82925415039062,159.16321563720703
4,2,Both Feet,265,-68.8154067993164,159.88240814208984
4,2,Both Feet,266,-68.86590194702148,160.64008331298828
4,2,Both Feet,267,-68.97463989257812,161.65738677978516
4,2,Both Feet,268,-69.07017517089844,162.8440399169922
4,2,Both Feet,269,-69.1231803894043,164.04714965820312
4,2,Both Feet,270,-69.16421127319336,165.13507080078125
4,2,Both Feet,271,-69.19095993041992,166.1450958251953
4,2,Both Feet,272,-69.23606491088867,167.1553726196289
4,2,Both Feet,273,-69.3497085571289,168.38497161865234
4,2,Both Feet,274,-69.43855667114258,169.480224609375
4,2,Both Feet,275,-69.44831848144531,170.36521911621094
4,2,Both Feet,276,-69.4652328491211,171.25921630859375
4,2,Both Feet,277,-69.52727127075195,172.30589294433594
4,2,Both Feet,278,-69.57569122314453,173.23163604736328
4,2,Both Feet,279,-69.57123565673828,174.0433807373047
4,2,Both Feet,280,-69.56437683105469,174.99304962158203
4,2,Both Feet,281,-69.57906723022461,176.0061264038086
4,2,Both Feet,282,-69.59435272216797,176.98595428466797
4,2,Both Feet,283,-69.61798858642578,178.07981872558594
4,2,Both Feet,284,-69.64211654663086,179.17637634277344
4,2,Both Feet,285,-69.62448501586914,180.04894256591797
4,2,Both Feet,286,-69.65536117553711,180.9388427734375
4,2,Both Feet,287,-69.71981430053711,182.0264129638672
4,2,Both Feet,288,-69.77009201049805,182.90352630615234
4,2,Both Feet,289,-69.7857780456543,183.82794952392578
4,2,Both Feet,290,-69.81714248657227,184.82044219970703
4,2,Both Feet,291,-69.88215255737305,185.87090301513672
4,2,Both Feet,292,-69.98073196411133,187.05480194091797
4,2,Both Feet,293,-70.07728576660156,188.17967987060547
4,2,Both Feet,294,-70.12312316894531,189.4956512451172
4,2,Both Feet,295,-70.15707015991211,190.79094696044922
4,2,Both Feet,296,-70.26180648803711,191.799560546875
4,2,Both Feet,297,-70.39041900634766,192.81652069091797
4,2,Both Feet,298,-70.44266510009766,193.727294921875
4,2,Both Feet,299,-70.42602157592773,194.77643585205078
4,2,Both Feet,300,-70.42015075683594,195.5890655517578
4,3,Tongue,1,-1.8997342586517334,2.330780029296875
4,3,Tongue,2,-28.467570304870605,8.769795656204224
4,3,Tongue,3,-75.787353515625,13.800488471984863
4,3,Tongue,4,-128.17019271850586,7.492002487182617
4,3,Tongue,5,-172.83470153808594,-13.996198415756226
4,3,Tongue,6,-203.19135284423828,-47.11610412597656
4,3,Tongue,7,-218.00443267822266,-82.48967361450195
4,3,Tongue,8,-223.69149017333984,-111.93655395507812
4,3,Tongue,9,-224.12813568115234,-132.8361053466797
4,3,Tongue,10,-221.58719635009766,-147.6969985961914
4,3,Tongue,11,-218.3188018798828,-159.85306549072266
4,3,Tongue,12,-214.2133331298828,-167.83393096923828
4,3,Tongue,13,-209.6576919555664,-172.65093231201172
4,3,Tongue,14,-205.46343231201172,-175.8455810546875
4,3,Tongue,15,-201.1744842529297,-176.9045181274414
4,3,Tongue,16,-196.46190643310547,-175.74609375
4,3,Tongue,17,-191.37303924560547,-173.72808074951172
4,3,Tongue,18,-186.10060119628906,-172.11187744140625
4,3,Tongue,19,-180.9392852783203,-171.1218490600586
4,3,Tongue,20,-175.7418441772461,-169.97049713134766
4,3,Tongue,21,-170.58916473388672,-169.4625701904297
4,3,Tongue,22,-165.75271606445312,-168.11322784423828
4,3,Tongue,23,-161.01487731933594,-167.0089874267578
4,3,Tongue,24,-156.38129425048828,-164.61941528320312
4,3,Tongue,25,-152.02835845947266,-162.39496612548828
4,3,Tongue,26,-147.88347625732422,-160.07164001464844
4,3,Tongue,27,-143.8550262451172,-158.2975082397461
4,3,Tongue,28,-140.1006622314453,-157.2638931274414
4,3,Tongue,29,-136.63623809814453,-155.20001220703125
4,3,Tongue,30,-133.3799285888672,-152.94451141357422
4,3,Tongue,31,-130.37539672851562,-149.86711883544922
4,3,Tongue,32,-127.66117858886719,-148.21529388427734
4,3,Tongue,33,-125.2087516784668,-145.01924896240234
4,3,Tongue,34,-122.88351821899414,-141.90047454833984
4,3,Tongue,35,-120.70858001708984,-139.88507843017578
4,3,Tongue,36,-118.72508239746094,-136.6195068359375
4,3,Tongue,37,-116.9182014465332,-133.8468475341797
4,3,Tongue,38,-115.12746047973633,-130.61371612548828
4,3,Tongue,39,-113.36127471923828,-127.73435974121094
4,3,Tongue,40,-111.72780227661133,-125.28197860717773
4,3,Tongue,41,-110.25921630859375,-122.92594909667969
4,3,Tongue,42,-109.10263442993164,-119.6969223022461
4,3,Tongue,43,-108.21926879882812,-117.18199920654297
4,3,Tongue,44,-107.31657409667969,-113.50097274780273
4,3,Tongue,45,-106.21651077270508,-110.8420181274414
4,3,Tongue,46,-104.95491790771484,-108.6767692565918
4,3,Tongue,47,-103.76587677001953,-107.03013610839844
4,3,Tongue,48,-102.80858993530273,-105.13189315795898
4,3,Tongue,49,-102.02424240112305,-103.01313018798828
4,3,Tongue,50,-101.2691535949707,-100.66907501220703
4,3,Tongue,51,-100.46699523925781,-97.83378982543945
4,3,Tongue,52,-99.74883270263672,-94.78639602661133
4,3,Tongue,53,-99.03387832641602,-92.00736999511719
4,3,Tongue,54,-98.21954727172852,-89.43851470947266
4,3,Tongue,55,-97.54178619384766,-87.49037170410156
4,3,Tongue,56,-96.90242385864258,-84.83129501342773
4,3,Tongue,57,-96.28645706176758,-82.89667892456055
4,3,Tongue,58,-95.8701171875,-80.72797393798828
4,3,Tongue,59,-95.7481575012207,-78.46928405761719
4,3,Tongue,60,-95.8338394165039,-75.79435729980469
4,3,Tongue,61,-95.71772384643555,-73.63733291625977
4,3,Tongue,62,-94.93545913696289,-72.11249542236328
4,3,Tongue,63,-94.07449340820312,-70.53732681274414
4,3,Tongue,64,-93.43846130371094,-69.14179229736328
4,3,Tongue,65,-93.03211212158203,-67.07551956176758
4,3,Tongue,66,-92.76248550415039,-64.41527366638184
4,3,Tongue,67,-92.49423217773438,-61.49044227600098
4,3,Tongue,68,-92.18777847290039,-59.065834045410156
4,3,Tongue,69,-91.83709335327148,-56.423234939575195
4,3,Tongue,70,-91.64186477661133,-54.34897232055664
4,3,Tongue,71,-91.48025131225586,-52.168827056884766
4,3,Tongue,72,-91.35034942626953,-49.86700630187988
4,3,Tongue,73,-91.11371231079102,-48.06543731689453
4,3,Tongue,74,-90.65771484375,-47.03042411804199
4,3,Tongue,75,-90.15996551513672,-46.2094783782959
4,3,Tongue,76,-89.55690383911133,-45.641841888427734
4,3,Tongue,77,-89.05930709838867,-44.594886779785156
4,3,Tongue,78,-88.76994323730469,-43.3158073425293
4,3,Tongue,79,-88.61560821533203,-41.517295837402344
4,3,Tongue,80,-88.45541000366211,-39.48725509643555
4,3,Tongue,81,-88.23336410522461,-37.25160789489746
4,3,Tongue,82,-87.98685073852539,-35.90188980102539
4,3,Tongue,83,-87.80770874023438,-34.61771583557129
4,3,Tongue,84,-87.78350448608398,-33.15262413024902
4,3,Tongue,85,-87.75879669189453,-30.8871488571167
4,3,Tongue,86,-87.55915832519531,-29.316065788269043
4,3,Tongue,87,-87.18642807006836,-27.32250690460205
4,3,Tongue,88,-86.85575485229492,-25.95638084411621
4,3,Tongue,89,-86.54967498779297,-24.82395839691162
4,3,Tongue,90,-86.3717041015625,-23.642037391662598
4,3,Tongue,91,-86.37336730957031,-21.791199684143066
4,3,Tongue,92,-86.39894485473633,-20.089574813842773
4,3,Tongue,93,-86.30864715576172,-19.057384490966797
4,3,Tongue,94,-86.08557510375977,-18.25714874267578
4,3,Tongue,95,-85.97757339477539,-17.207669258117676
4,3,Tongue,96,-85.97956085205078,-15.277348041534424
4,3,Tongue,97,-86.00543975830078,-13.703766822814941
4,3,Tongue,98,-85.8592529296875,-12.53634262084961
4,3,Tongue,99,-85.55932998657227,-11.449541568756104
4,3,Tongue,100,-85.2660903930664,-10.515965461730957
4,3,Tongue,101,-85.00655364990234,-9.63081407546997
4,3,Tongue,102,-84.84723281860352,-8.321672677993774
4,3,Tongue,103,-84.7409782409668,-7.068449258804321
4,3,Tongue,104,-84.64387893676758,-5.690242052078247
4,3,Tongue,105,-84.51865005493164,-4.429412364959717
4,3,Tongue,106,-84.39367294311523,-2.990407347679138
4,3,Tongue,107,-84.27815628051758,-1.452896535396576
4,3,Tongue,108,-84.17084503173828,-0.26417525857686996
4,3,Tongue,109,-84.02864074707031,1.270730346441269
4,3,Tongue,110,-84.00007629394531,2.5370270013809204
4,3,Tongue,111,-83.93923950195312,3.8047409057617188
4,3,Tongue,112,-83.70589065551758,5.300415515899658
4,3,Tongue,113,-83.57870864868164,6.14849066734314
4,3,Tongue,114,-83.46625137329102,6.943575859069824
4,3,Tongue,115,-83.44157409667969,7.8512890338897705
4,3,Tongue,116,-83.51322174072266,8.805149555206299
4,3,Tongue,117,-83.52963256835938,10.034775733947754
4,3,Tongue,118,-83.45255279541016,11.280649662017822
4,3,Tongue,119,-83.28243255615234,12.745757579803467
4,3,Tongue,120,-83.0886116027832,13.900687217712402
4,3,Tongue,121,-82.97021102905273,14.961258888244629
4,3,Tongue,122,-82.93036270141602,16.233099460601807
4,3,Tongue,123,-82.94286727905273,17.112911224365234
4,3,Tongue,124,-82.83835220336914,18.130732536315918
4,3,Tongue,125,-82.68524932861328,19.285289764404297
4,3,Tongue,126,-82.55774688720703,19.99533176422119
4,3,Tongue,127,-82.4704360961914,21.12362766265869
4,3,Tongue,128,-82.4787712097168,22.66516876220703
4,3,Tongue,129,-82.45919799804688,23.801772117614746
4,3,Tongue,130,-82.3649787902832,25.079031944274902
4,3,Tongue,131,-82.26302719116211,26.01619529724121
4,3,Tongue,132,-82.1796875,27.382991790771484
4,3,Tongue,133,-82.13359832763672,28.53981876373291
4,3,Tongue,134,-82.15921020507812,29.936083793640137
4,3,Tongue,135,-82.30913925170898,31.228031158447266
4,3,Tongue,136,-82.31121826171875,32.31381797790527
4,3,Tongue,137,-82.18112182617188,33.028120040893555
4,3,Tongue,138,-82.11488723754883,33.886268615722656
4,3,Tongue,139,-82.00206756591797,34.66268348693848
4,3,Tongue,140,-81.7182502746582,35.29969787597656
4,3,Tongue,141,-81.53011703491211,35.62868881225586
4,3,Tongue,142,-81.58586883544922,36.39567565917969
4,3,Tongue,143,-81.77876281738281,37.397701263427734
4,3,Tongue,144,-81.85845565795898,38.669145584106445
4,3,Tongue,145,-81.94949722290039,39.989166259765625
4,3,Tongue,146,-81.98943328857422,41.41023254394531
4,3,Tongue,147,-81.82111740112305,42.32423210144043
4,3,Tongue,148,-81.56261825561523,42.9208984375
4,3,Tongue,149,-81.40138244628906,43.507476806640625
4,3,Tongue,150,-81.3366928100586,44.40134811401367
4,3,Tongue,151,-81.32332611083984,45.4813117980957
4,3,Tongue,152,-81.43258285522461,46.76179313659668
4,3,Tongue,153,-81.5305290222168,48.15646743774414
4,3,Tongue,154,-81.51323318481445,49.00629425048828
4,3,Tongue,155,-81.4686508178711,49.91532897949219
4,3,Tongue,156,-81.41915512084961,50.69137001037598
4,3,Tongue,157,-81.36471557617188,51.2997989654541
4,3,Tongue,158,-81.31781005859375,52.037763595581055
4,3,Tongue,159,-81.31209182739258,52.81404685974121
4,3,Tongue,160,-81.34341049194336,53.94388198852539
4,3,Tongue,161,-81.35203170776367,55.16391181945801
4,3,Tongue,162,-81.3455581665039,55.9410343170166
4,3,Tongue,163,-81.27289199829102,56.88759422302246
4,3,Tongue,164,-81.1949234008789,57.81524848937988
4,3,Tongue,165,-81.15039443969727,58.66815376281738
4,3,Tongue,166,-81.20550155639648,59.65746307373047
4,3,Tongue,167,-81.28749465942383,60.74795341491699
4,3,Tongue,168,-81.26008987426758,61.28642463684082
4,3,Tongue,169,-81.26093292236328,61.60595893859863
4,3,Tongue,170,-81.40180969238281,62.35219955444336
4,3,Tongue,171,-81.5087776184082,63.27483940124512
4,3,Tongue,172,-81.49591064453125,64.14472579956055
4,3,Tongue,173,-81.5462760925293,64.65249252319336
4,3,Tongue,174,-81.54245376586914,65.48792266845703
4,3,Tongue,175,-81.52605819702148,66.59112548828125
4,3,Tongue,176,-81.46572494506836,67.3451919555664
4,3,Tongue,177,-81.40566635131836,67.80805969238281
4,3,Tongue,178,-81.47077178955078,68.511962890625
4,3,Tongue,179,-81.59685134887695,69.57088470458984
4,3,Tongue,180,-81.62445831298828,70.64701080322266
4,3,Tongue,181,-81.6216049194336,71.63672256469727
4,3,Tongue,182,-81.72477340698242,72.97045135498047
4,3,Tongue,183,-81.79277420043945,74.0767707824707
4,3,Tongue,184,-81.74039459228516,75.05014038085938
4,3,Tongue,185,-81.73762512207031,75.98453903198242
4,3,Tongue,186,-81.91524887084961,76.99397277832031
4,3,Tongue,187,-82.02143859863281,78.06238555908203
4,3,Tongue,188,-81.9833869934082,78.75003051757812
4,3,Tongue,189,-81.9369010925293,79.39801406860352
4,3,Tongue,190,-81.95514678955078,79.7891731262207
4,3,Tongue,191,-82.09082412719727,80.32038116455078
4,3,Tongue,192,-82.25716400146484,81.11088562011719
4,3,Tongue,193,-82.34440612792969,82.03536224365234
4,3,Tongue,194,-82.35894012451172,82.89189529418945
4,3,Tongue,195,-82.2974624633789,83.48360824584961
4,3,Tongue,196,-82.27935028076172,84.35910415649414
4,3,Tongue,197,-82.37556838989258,85.21840286254883
4,3,Tongue,198,-82.4669075012207,86.21486282348633
4,3,Tongue,199,-82.51143264770508,87.24192428588867
4,3,Tongue,200,-82.56547927856445,87.97839736938477
4,3,Tongue,201,-82.56903839111328,88.60537719726562
4,3,Tongue,202,-82.64237594604492,89.40316390991211
4,3,Tongue,203,-82.82010650634766,90.06577682495117
4,3,Tongue,204,-83.06773376464844,90.8553352355957
4,3,Tongue,205,-83.2305679321289,91.85988235473633
4,3,Tongue,206,-83.25242614746094,92.62786102294922
4,3,Tongue,207,-83.32387161254883,93.3653793334961
4,3,Tongue,208,-83.310302734375,94.39626693725586
4,3,Tongue,209,-83.27769470214844,95.3445930480957
4,3,Tongue,210,-83.27626037597656,96.13739395141602
4,3,Tongue,211,-83.24006271362305,96.91433334350586
4,3,Tongue,212,-83.18034362792969,97.93794631958008
4,3,Tongue,213,-83.10750579833984,98.61760711669922
4,3,Tongue,214,-83.12089157104492,99.39287567138672
4,3,Tongue,215,-83.1634292602539,100.3755989074707
4,3,Tongue,216,-83.15460205078125,101.39738845825195
4,3,Tongue,217,-83.14492416381836,102.27086639404297
4,3,Tongue,218,-83.13287353515625,102.90461730957031
4,3,Tongue,219,-83.13860702514648,103.69194793701172
4,3,Tongue,220,-83.12520599365234,104.55958557128906
4,3,Tongue,221,-83.02601623535156,105.26101684570312
4,3,Tongue,222,-83.01093673706055,105.78717803955078
4,3,Tongue,223,-83.0478286743164,106.38243103027344
4,3,Tongue,224,-83.01976013183594,107.06303405761719
4,3,Tongue,225,-82.99421310424805,107.72883987426758
4,3,Tongue,226,-82.92895126342773,108.2707405090332
4,3,Tongue,227,-82.83116912841797,109.18499755859375
4,3,Tongue,228,-82.77782821655273,109.86598587036133
4,3,Tongue,229,-82.69893264770508,110.63245010375977
4,3,Tongue,230,-82.59712219238281,111.09638214111328
4,3,Tongue,231,-82.61775588989258,111.58323669433594
4,3,Tongue,232,-82.65291595458984,112.26986312866211
4,3,Tongue,233,-82.60778045654297,113.09053421020508
4,3,Tongue,234,-82.65362930297852,113.57980346679688
4,3,Tongue,235,-82.7496452331543,114.00810623168945
4,3,Tongue,236,-82.70368957519531,114.45440292358398
4,3,Tongue,237,-82.62253189086914,115.1182632446289
4,3,Tongue,238,-82.6211051940918,115.68988037109375
4,3,Tongue,239,-82.59272003173828,116.19493865966797
4,3,Tongue,240,-82.49040985107422,116.79040145874023
4,3,Tongue,241,-82.45048522949219,117.4319839477539
4,3,Tongue,242,-82.41210174560547,117.95321655273438
4,3,Tongue,243,-82.32369232177734,118.21872329711914
4,3,Tongue,244,-82.22290802001953,118.78124618530273
4,3,Tongue,245,-82.08108901977539,119.33584594726562
4,3,Tongue,246,-81.99686813354492,119.95417022705078
4,3,Tongue,247,-81.9737319946289,120.25786590576172
4,3,Tongue,248,-81.90467834472656,120.75476455688477
4,3,Tongue,249,-81.81295013427734,121.31097793579102
4,3,Tongue,250,-81.76523971557617,121.89785385131836
4,3,Tongue,251,-81.68341827392578,122.38571548461914
4,3,Tongue,252,-81.59603500366211,122.89348602294922
4,3,Tongue,253,-81.49669647216797,123.10155487060547
4,3,Tongue,254,-81.36387634277344,123.33394241333008
4,3,Tongue,255,-81.26195526123047,123.80501556396484
4,3,Tongue,256,-81.12622451782227,124.10278701782227
4,3,Tongue,257,-81.03810501098633,124.52338790893555
4,3,Tongue,258,-81.01510620117188,124.71115493774414
4,3,Tongue,259,-80.93782424926758,125.40927505493164
4,3,Tongue,260,-80.88379669189453,125.89829635620117
4,3,Tongue,261,-80.83953094482422,126.13830947875977
4,3,Tongue,262,-80.76025390625,126.57714080810547
4,3,Tongue,263,-80.6786994934082,126.91451263427734
4,3,Tongue,264,-80.57278060913086,127.20460891723633
4,3,Tongue,265,-80.45964813232422,127.55929183959961
4,3,Tongue,266,-80.32859802246094,127.7077522277832
4,3,Tongue,267,-80.2293472290039,127.87895965576172
4,3,Tongue,268,-80.10340881347656,128.08208465576172
4,3,Tongue,269,-79.96798324584961,128.2543716430664
4,3,Tongue,270,-79.8416519165039,128.52364349365234
4,3,Tongue,271,-79.72459030151367,128.45013427734375
4,3,Tongue,272,-79.62620162963867,128.65009307861328
4,3,Tongue,273,-79.53551864624023,128.83171844482422
4,3,Tongue,274,-79.42228698730469,128.8901596069336
4,3,Tongue,275,-79.32610321044922,128.90182495117188
4,3,Tongue,276,-79.2325439453125,128.97268676757812
4,3,Tongue,277,-79.1323471069336,128.85009002685547
4,3,Tongue,278,-79.02455520629883,128.7636947631836
4,3,Tongue,279,-78.91817855834961,128.8994369506836
4,3,Tongue,280,-78.80703735351562,128.93292999267578
4,3,Tongue,281,-78.72716522216797,128.87464141845703
4,3,Tongue,282,-78.5861930847168,128.65614318847656
4,3,Tongue,283,-78.48462295532227,128.47402954101562
4,3,Tongue,284,-78.37623977661133,128.34625244140625
4,3,Tongue,285,-78.22847366333008,128.19839477539062
4,3,Tongue,286,-78.12997817993164,128.06974411010742
4,3,Tongue,287,-78.01704025268555,128.1748046875
4,3,Tongue,288,-77.89755630493164,128.13286590576172
4,3,Tongue,289,-77.81350326538086,128.0883331298828
4,3,Tongue,290,-77.71925735473633,128.15979766845703
4,3,Tongue,291,-77.66204452514648,127.99453735351562
4,3,Tongue,292,-77.61226272583008,128.11317443847656
4,3,Tongue,293,-77.54113006591797,128.07983016967773
4,3,Tongue,294,-77.46973037719727,128.01179885864258
4,3,Tongue,295,-77.37555313110352,127.97208404541016
4,3,Tongue,296,-77.26172637939453,127.8279800415039
4,3,Tongue,297,-77.18008804321289,127.61096954345703
4,3,Tongue,298,-77.06352996826172,127.49837112426758
4,3,Tongue,299,-76.94180297851562,127.46121597290039
4,3,Tongue,300,-76.86139297485352,127.42193603515625
